Workbook

Sheet Sheet5
A1: Date | B1: Hour | C1: Drank | D1: AtWork
A2: 45965 | B2: 8 | C2: 486 | D2: TRUE
A3: 45965 | B3: 9 | C3: 0 | D3: TRUE
A4: 45965 | B4: 10 | C4: 351 | D4: TRUE
A5: 45965 | B5: 11 | C5: 196 | D5: TRUE
A6: 45965 | B6: 12 | C6: 0 | D6: TRUE
A7: 45965 | B7: 13 | C7: 280 | D7: TRUE
A8: 45965 | B8: 14 | C8: 223 | D8: TRUE
A9: 45965 | B9: 15 | C9: 0 | D9: TRUE
A10: 45965 | B10: 16 | C10: 466 | D10: FALSE
A11: 45965 | B11: 17 | C11: 411 | D11: FALSE
A12: 45965 | B12: 18 | C12: 623 | D12: FALSE
A13: 45965 | B13: 19 | C13: 0 | D13: FALSE
... A225: 45979 | B225: 23 | C225: 0 | D225: FALSE

Sheet Sheet6
A1: TRUE | B1: 8 | C1: =(Sheet5!C2+Sheet5!C18+Sheet5!C34+Sheet5!C50+Sheet5!C98+Sheet5!C194+Sheet5!C210)/7 -> 370.71429
A2: TRUE | B2: 9 | C2: =(Sheet5!C3+Sheet5!C19+Sheet5!C35+Sheet5!C51+Sheet5!C99+Sheet5!C195+Sheet5!C211)/7 -> 107.57143
A3: TRUE | B3: 10 | C3: =(Sheet5!C4+Sheet5!C20+Sheet5!C36+Sheet5!C52+Sheet5!C100+Sheet5!C196+Sheet5!C212)/7 -> 115
A4: TRUE | B4: 11 | C4: =(Sheet5!C5+Sheet5!C21+Sheet5!C37+Sheet5!C53+Sheet5!C101+Sheet5!C197+Sheet5!C213)/7 -> 105.71429
A5: TRUE | B5: 12 | C5: =(Sheet5!C6+Sheet5!C22+Sheet5!C38+Sheet5!C54+Sheet5!C102+Sheet5!C198+Sheet5!C214)/7 -> 162
A6: TRUE | B6: 13 | C6: =(Sheet5!C7+Sheet5!C23+Sheet5!C39+Sheet5!C55+Sheet5!C103+Sheet5!C199+Sheet5!C215)/7 -> 283.14286
A7: TRUE | B7: 14 | C7: =(Sheet5!C8+Sheet5!C24+Sheet5!C40+Sheet5!C56+Sheet5!C104+Sheet5!C200+Sheet5!C216)/7 -> 122.71429
A8: TRUE | B8: 15 | C8: =(Sheet5!C9+Sheet5!C25+Sheet5!C41+Sheet5!C57+Sheet5!C105+Sheet5!C201+Sheet5!C217)/7 -> 26.285714
A9: TRUE | B9: 16 | C9: 0
A10: TRUE | B10: 17 | C10: 0
A11: TRUE | B11: 18 | C11: 0
A12: TRUE | B12: 19 | C12: 0
A13: TRUE | B13: 20 | C13: 0
A14: TRUE | B14: 21 | C14: 0
A15: TRUE | B15: 22 | C15: 0
A16: TRUE | B16: 23 | C16: 0
A18: FALSE | B18: 8 | C18: =(Sheet5!C66+Sheet5!C82+Sheet5!C114+Sheet5!C130+Sheet5!C146+Sheet5!C162+Sheet5!C178)/7 -> 148.57143
A19: FALSE | B19: 9 | C19: =(Sheet5!C67+Sheet5!C83+Sheet5!C115+Sheet5!C131+Sheet5!C147+Sheet5!C163+Sheet5!C179)/7 -> 162.28571
A20: FALSE | B20: 10 | C20: =(Sheet5!C68+Sheet5!C84+Sheet5!C116+Sheet5!C132+Sheet5!C148+Sheet5!C164+Sheet5!C180)/7 -> 134.57143
A21: FALSE | B21: 11 | C21: =(Sheet5!C69+Sheet5!C85+Sheet5!C117+Sheet5!C133+Sheet5!C149+Sheet5!C165+Sheet5!C181)/7 -> 156.57143
A22: FALSE | B22: 12 | C22: =(Sheet5!C70+Sheet5!C86+Sheet5!C118+Sheet5!C134+Sheet5!C150+Sheet5!C166+Sheet5!C182)/7 -> 54
A23: FALSE | B23: 13 | C23: =(Sheet5!C71+Sheet5!C87+Sheet5!C119+Sheet5!C135+Sheet5!C151+Sheet5!C167+Sheet5!C183)/7 -> 253.14286
A24: FALSE | B24: 14 | C24: =(Sheet5!C72+Sheet5!C88+Sheet5!C120+Sheet5!C136+Sheet5!C152+Sheet5!C168+Sheet5!C184)/7 -> 200.57143
A25: FALSE | B25: 15 | C25: =(Sheet5!C73+Sheet5!C89+Sheet5!C121+Sheet5!C137+Sheet5!C153+Sheet5!C169+Sheet5!C185)/7 -> 265.85714
A26: FALSE | B26: 16 | C26: =(Sheet5!C74+Sheet5!C90+Sheet5!C122+Sheet5!C138+Sheet5!C154+Sheet5!C170+Sheet5!C186+Sheet5!C10+Sheet5!C26+Sheet5!C42+Sheet5!C58+Sheet5!C106+Sheet5!C202+Sheet5!C218)/14 -> 191.07143
A27: FALSE | B27: 17 | C27: =(Sheet5!C75+Sheet5!C91+Sheet5!C123+Sheet5!C139+Sheet5!C155+Sheet5!C171+Sheet5!C187+Sheet5!C11+Sheet5!C27+Sheet5!C43+Sheet5!C59+Sheet5!C107+Sheet5!C203+Sheet5!C219)/14 -> 188.64286
A28: FALSE | B28: 18 | C28: =(Sheet5!C76+Sheet5!C92+Sheet5!C124+Sheet5!C140+Sheet5!C156+Sheet5!C172+Sheet5!C188+Sheet5!C12+Sheet5!C28+Sheet5!C44+Sheet5!C60+Sheet5!C108+Sheet5!C204+Sheet5!C220)/14 -> 179.64286
A29: FALSE | B29: 19 | C29: =(Sheet5!C77+Sheet5!C93+Sheet5!C125+Sheet5!C141+Sheet5!C157+Sheet5!C173+Sheet5!C189+Sheet5!C13+Sheet5!C29+Sheet5!C45+Sheet5!C61+Sheet5!C109+Sheet5!C205+Sheet5!C221)/14 -> 120.21429
A30: FALSE | B30: 20 | C30: =(Sheet5!C78+Sheet5!C94+Sheet5!C126+Sheet5!C142+Sheet5!C158+Sheet5!C174+Sheet5!C190+Sheet5!C14+Sheet5!C30+Sheet5!C46+Sheet5!C62+Sheet5!C110+Sheet5!C206+Sheet5!C222)/14 -> 112.42857
A31: FALSE | B31: 21 | C31: =(Sheet5!C79+Sheet5!C95+Sheet5!C127+Sheet5!C143+Sheet5!C159+Sheet5!C175+Sheet5!C191+Sheet5!C15+Sheet5!C31+Sheet5!C47+Sheet5!C63+Sheet5!C111+Sheet5!C207+Sheet5!C223)/14 -> 82.714286
A32: FALSE | B32: 22 | C32: =(Sheet5!C80+Sheet5!C96+Sheet5!C128+Sheet5!C144+Sheet5!C160+Sheet5!C176+Sheet5!C192+Sheet5!C16+Sheet5!C32+Sheet5!C48+Sheet5!C64+Sheet5!C112+Sheet5!C208+Sheet5!C224)/14 -> 0
A33: FALSE | B33: 23 | C33: =(Sheet5!C81+Sheet5!C97+Sheet5!C129+Sheet5!C145+Sheet5!C161+Sheet5!C177+Sheet5!C193+Sheet5!C17+Sheet5!C33+Sheet5!C49+Sheet5!C65+Sheet5!C113+Sheet5!C209+Sheet5!C225)/14 -> 9.3571429

Sheet Sheet1
A1: Date | B1: Time | C1: drank | D1: AtWork
A2: 45965 | B2: 0.3375 | C2: 294 | D2: TRUE
A3: 45965 | B3: 0.35 | C3: 192 | D3: TRUE
A4: 45965 | B4: 0.42986111 | C4: 351 | D4: TRUE
A5: 45965 | B5: 0.49513889 | C5: 196 | D5: TRUE
A6: 45965 | B6: 0.55902778 | C6: 280 | D6: TRUE
A7: 45965 | B7: 0.61319444 | C7: 223 | D7: TRUE
A8: 45965 | B8: 0.68402778 | C8: 239 | D8: FALSE
A9: 45965 | B9: 0.7 | C9: 227 | D9: FALSE
A10: 45965 | B10: 0.71458333 | C10: 411 | D10: FALSE
A11: 45965 | B11: 0.77291667 | C11: 184 | D11: FALSE
A12: 45965 | B12: 0.77847222 | C12: 439 | D12: FALSE
A13: 45966 | B13: 0.31111111 | C13: 415 | D13: TRUE
... A90: 45979 | B90: 0.85277778 | C90: 645 | D90: FALSE

Sheet Sheet2
A3: Row Labels | B3: Sum of drank
A4: FALSE | B4: 22006 | E4: =9386/72 -> 130.36111 | G4: False | H4: =22006/168 -> 130.9881
A5: TRUE | B5: 9052 | E5: =6528/40 -> 163.2 | G5: True | H5: =9052/56 -> 161.64286
A6: Grand Total | B6: 31058

Sheet Sheet4
A3: Row Labels | B3: Sum of drank | C3: At Work | D3: Militers Drunk Per Hour
A4: FALSE | B4: 8999 | C4: FALSE | D4: =2202/16 -> 137.625 | E4: =8999/56 -> 160.69643
A5: TRUE | B5: 9052 | C5: TRUE | D5: =6528/40 -> 163.2 | E5: =9052/56 -> 161.64286
A6: Grand Total | B6: 18051

Sheet Sheet3
A1: Date | B1: Time | C1: drank | D1: AtWork
A2: 45965 | B2: 0.3375 | C2: 294 | D2: TRUE
A3: 45965 | B3: 0.35 | C3: 192 | D3: TRUE
A4: 45965 | B4: 0.42986111 | C4: 351 | D4: TRUE
A5: 45965 | B5: 0.49513889 | C5: 196 | D5: TRUE
A6: 45965 | B6: 0.55902778 | C6: 280 | D6: TRUE
A7: 45965 | B7: 0.61319444 | C7: 223 | D7: TRUE
A8: 45966 | B8: 0.31111111 | C8: 415 | D8: TRUE
A9: 45966 | B9: 0.45277778 | C9: 114 | D9: TRUE
A10: 45966 | B10: 0.52361111 | C10: 282 | D10: TRUE
A11: 45966 | B11: 0.59652778 | C11: 234 | D11: TRUE
A12: 45967 | B12: 0.36944444 | C12: 506 | D12: TRUE
A13: 45967 | B13: 0.54930556 | C13: 473 | D13: TRUE
... A55: 45979 | B55: 0.11666667 | C55: 255 | D55: TRUE
